{
  "timestamp": "2025-11-21 23:28:04",
  "input_text": "안녕하세요",
  "corrected_text": "",
  "timings_sec": {
    "Input": 0.003277600000728853,
    "STT": 17.744787099998575,
    "NLP": 5553.285466699999,
    "Query": 4.499997885432094e-06,
    "Synth": 0.020202900002914248,
    "Output": 5.599998985417187e-06
  },
  "total_sec": 5571.0788178,
  "tokens": []
}